Page URL,Page Title,ILR,Raw ILR,Unique Pageviews,Crawl Depth,HTTP Status Code,"Page (HTML) Load Time, sec",Schema.org (Microdata),Schema.org (JSON-LD),Open Graph,Twitter Cards,Microformats,Canonicalization,In sitemap,Incoming Internal Links,Outgoing Internal Links,Outgoing External Links,AMP link,Hreflang Links,Hreflang Issues,JS and CSS Number,"JS and CSS Size, KB",Issues,Description,Blocked AI search bots
https://pmwcom.co.uk/about/blog/,Browse our latest blogs and news – PMW Communications,100,0.018567941732493,n/a,1,200,0.123,0,1,1,1,0,Self-canonical,1,87,46,5,0,-,-,46,209,1,"discover expert insights and industry news, helpful tips, and successful stories on our blog page. explore a wide range of marketing industry topics.",n/a
https://pmwcom.co.uk/services/visual-design/,Creative Design Agency - PMW Communications,95,0.018367760496787986,n/a,1,200,0.107,0,1,1,1,0,Self-canonical,1,87,41,5,0,-,-,47,221,1,elevate your brand with pmw communications' graphic design services. our expert team can create stunning graphics and visuals. contact us today!,n/a
https://pmwcom.co.uk/about/our-team/,Learn about the talented team at PMW Communications,91,0.013461082523655136,n/a,1,200,1.414,0,0,1,1,0,Self-canonical,1,86,75,5,0,-,-,52,294,3,"meet the talented team at pmw communications – learn more about our team of experts, how we work, and how we deliver exceptional results for our clients.",n/a
https://pmwcom.co.uk/contact/,Contact PMW Communications – Speak to our team today,86,0.013411205863001938,n/a,1,200,0.122,0,0,1,1,0,Self-canonical,1,86,43,8,0,-,-,46,194,1,contact pmw communications to find out more about how our tailored marketing solutions can help your business succeed. get in touch with our expert team today!,n/a
https://pmwcom.co.uk/about/careers/,Join Our Team - Explore Careers with PMW Communications,82,0.013408465436185185,n/a,1,200,0.122,0,0,1,1,0,Self-canonical,1,86,45,5,0,-,-,45,179,1,discover exciting career opportunities with pmw communications. join a passionate and driven team and explore what benefits and perks we have to offer!,n/a
https://pmwcom.co.uk/cookie-policy/,Cookie Policy - How We Use Cookies to Improve Your Experience,82,0.013408465436185185,n/a,1,200,0.107,0,0,1,1,0,Self-canonical,1,86,41,9,0,-,-,41,180,1,"learn about our cookie policy at pmw communications, and how we use cookies to enhance your experience, analyse site traffic, and ensure optimal site performance.",n/a
https://pmwcom.co.uk/,PMW Communications – Full-Service Marketing Agency Sussex,77,0.013402645963552652,n/a,0,200,0.149,0,1,1,1,0,Self-canonical,1,87,43,5,0,-,-,51,240,2,"award-winning full-service digital marketing agency in sussex. specialists in branding, design, websites, seo, ppc & pr. contact us for your bespoke solution!",n/a
https://pmwcom.co.uk,PMW Communications – Full-Service Marketing Agency Sussex,77,0.013402645963552652,n/a,1,200,0.11,0,1,1,1,0,Self-canonical,0,86,43,5,0,-,-,51,240,1,"award-winning full-service digital marketing agency in sussex. specialists in branding, design, websites, seo, ppc & pr. contact us for your bespoke solution!",n/a
https://pmwcom.co.uk/about/esg/,Our initiatives for a better future – PMW Communications,77,0.013402645963552652,n/a,1,200,0.107,0,0,1,1,0,Self-canonical,1,86,43,5,0,-,-,42,191,1,"explore pmw communications’ esg initiatives, promoting sustainability, social responsibility, and good governance to create a brighter future for everyone.",n/a
https://pmwcom.co.uk/about/social-mobility/,View our Social Mobility Programme – PMW Communications,77,0.013402645963552652,n/a,1,200,0.112,0,0,1,1,0,Self-canonical,1,86,40,8,0,-,-,39,174,1,"discover how we drive social mobility, creating equal opportunities for those from disadvantage backgrounds and encourage a future career in marketing.",n/a
https://pmwcom.co.uk/sectors/,Sectors - PMW Communications,77,0.013402645963552652,n/a,1,200,0.118,0,0,1,1,0,Self-canonical,1,86,43,5,0,-,-,50,239,1,"tailored marketing expertise across every sector with decades of experience across diverse industries worldwide, we know that every sector has its own unique challenges. our expert team brings a wealth of knowledge and insight to every client, creating ...",n/a
https://pmwcom.co.uk/services/,Marketing Services – PMW Communications,77,0.013402645963552652,n/a,1,200,0.122,0,0,1,1,0,Self-canonical,1,86,43,5,0,-,-,50,240,1,pmw communications is a full-service marketing agency combining creativity and data-driven strategies to elevate your brand and achieve measurable results.,n/a
https://pmwcom.co.uk/gdpr/,GDPR Policy - Protecting Your Data Privacy and Rights,73,0.013399552677178257,n/a,1,200,0.128,0,0,1,1,0,Self-canonical,1,86,42,5,0,-,-,39,173,1,"learn about our gdpr policy at pmw communications, and how we safeguard your data, protect your privacy, and ensure compliance with data protection regulations.",n/a
https://pmwcom.co.uk/privacy-policy/,Privacy Policy - PMW Communications,68,0.013396326510797606,n/a,1,200,0.112,0,0,1,1,0,Self-canonical,1,86,41,5,0,-,-,41,180,0,"last updated: march 30, 2020this privacy policy describes our policies and procedures on the collection,use and disclosure of your information when you use the service and tells youabout your privacy rights and how the law protects you.we use your perso...",n/a
https://pmwcom.co.uk/services/office-branding/,Office Branding Agency - PMW Communications,68,0.013396326510797606,n/a,1,200,0.11,0,1,1,1,0,Self-canonical,1,86,41,5,0,-,-,47,221,2,transform your workplace with pmw's creative office branding services. elevate your brand's identity with custom designs that inspire and engage.,n/a
https://pmwcom.co.uk/about/,The PMW Difference: A Marketing Agency That Delivers Results,64,0.013392958714022586,n/a,1,200,0.11,0,0,1,1,0,Self-canonical,1,86,40,5,0,-,-,42,178,1,"pmw: proven expertise, full-service marketing, and tangible results. big enough to deliver, small enough to care. your success is our focus.",n/a
https://pmwcom.co.uk/sectors/animals-conservation/,Animal & Conservation Marketing Agency - Boost Your Impact,64,0.013392958714022586,n/a,1,200,0.12,0,0,1,1,0,Self-canonical,1,86,40,5,0,-,-,40,174,1,"enhance your animal welfare & conservation efforts with targeted marketing solutions. we help raise awareness, attract support, & drive meaningful change.",n/a
https://pmwcom.co.uk/sectors/charities-not-for-profit/,Charity Marketing Agency - Maximising Google Grant Accounts,64,0.013392958714022586,n/a,1,200,0.116,0,0,1,1,0,Self-canonical,1,86,40,5,0,-,-,40,174,1,looking for a charity marketing agency to manage your google grant account? we help non-profits maximise grants to boost their online presence and impact.,n/a
https://pmwcom.co.uk/sectors/education/,Drive Growth in Education - Marketing Agency for Schools - PMW,64,0.013392958714022586,n/a,1,200,0.117,0,0,1,1,0,Self-canonical,1,86,40,5,0,-,-,40,174,1,"from schools to universities, we are an education marketing agency providing targeted marketing strategies to help you succeed.",n/a
https://pmwcom.co.uk/sectors/finance-fintech/,Fintech Marketing Agency - Financial Services Marketing - PMW,64,0.013392958714022586,n/a,1,200,0.124,0,0,1,1,0,Self-canonical,1,86,40,5,0,-,-,40,174,1,partner with a leading fintech marketing agency for tailored digital strategies. we specialise in financial services marketing to help fintech businesses grow.,n/a
https://pmwcom.co.uk/sectors/insurance/,Insurance Marketing Agency – Marketing Solutions for Insurers,64,0.013392958714022586,n/a,1,200,0.119,0,0,1,1,0,Self-canonical,1,86,40,5,0,-,-,40,174,1,need a marketing boost? our insurance marketing agency delivers targeted digital strategies that increase customer engagement and drive business growth.,n/a
https://pmwcom.co.uk/sectors/manufacturing-technology/,Grow Your Manufacturing Business - Technology Marketing Agency - PMW,64,0.013392958714022586,n/a,1,200,0.11,0,0,1,1,0,Self-canonical,1,86,40,5,0,-,-,40,174,1,looking for a marketing agency that understands both technology and manufacturing? we provide expert strategies to help your business thrive.,n/a
https://pmwcom.co.uk/sectors/retail-leisure/,Retail Marketing Agency - Experts in Leisure & Retail - PMW,64,0.013392958714022586,n/a,1,200,0.108,0,0,1,1,0,Self-canonical,1,86,40,5,0,-,-,40,174,1,looking for a retail marketing agency? we offer expert strategies for both retail and leisure businesses to maximise engagement and drive results.,n/a
https://pmwcom.co.uk/sectors/science-healthcare/,Science & Healthcare Marketing Agency - Solutions for Growth,64,0.013392958714022586,n/a,1,200,0.107,0,0,1,1,0,Self-canonical,1,86,40,5,0,-,-,40,174,1,"work with a trusted science marketing agency, offering targeted marketing services for healthcare providers. let's take your business to the next level.",n/a
https://pmwcom.co.uk/services/brand-strategy/,Brand Strategy Agency - PMW Communications,64,0.013392958714022586,n/a,1,200,0.153,0,1,1,1,0,Self-canonical,1,86,40,5,0,-,-,47,221,1,"unlock your brand's potential with our brand strategy services. create a powerful, unique brand that resonates with your target audience & drives growth.",n/a
https://pmwcom.co.uk/services/content-marketing/,Content Marketing Agency - PMW Communications,64,0.013392958714022586,n/a,1,200,0.12,0,1,1,1,0,Self-canonical,1,86,40,5,0,-,-,47,221,1,stand out from your competition with our innovative content marketing services. from press releases & blogs to website copy & social media posts. we do it all!,n/a
https://pmwcom.co.uk/services/email-marketing/,Email Marketing Agency in Sussex - PMW Communications,64,0.013392958714022586,n/a,1,200,0.105,0,1,1,1,0,Self-canonical,1,86,40,5,0,-,-,47,221,1,"we’re an email marketing company that specialises in tailored campaigns & leading email marketing automation to engage customers, increase conversions & grow a brand.",n/a
https://pmwcom.co.uk/services/event-management/,Event Management Agency - PMW Communications,64,0.013392958714022586,n/a,1,200,0.125,0,1,1,1,0,Self-canonical,1,86,40,5,0,-,-,47,221,1,"leading event management agency offering event planning services, from corporate events to award ceremonies. let us create memorable experiences tailored to your brand.",n/a
https://pmwcom.co.uk/services/google-ads/,Google Ads Management Agency - PMW Communications,64,0.013392958714022586,n/a,1,200,0.12,0,1,1,1,0,Self-canonical,1,86,40,5,0,-,-,47,221,1,"boost your visibility & maximise roi with our google ads services. using data, we deliver campaigns that guarantee results. book your strategy session today!",n/a
https://pmwcom.co.uk/services/media-buying/,Media Buying Agency - PMW Communications,64,0.013392958714022586,n/a,1,200,0.108,0,1,1,1,0,Self-canonical,1,86,40,5,0,-,-,49,230,1,a media buying agency that thrives on getting you noticed. our experts create targeted media campaigns across a range of traditional & digital channels.,n/a
https://pmwcom.co.uk/services/photography/,Professional Photography Services - PMW Communications,64,0.013392958714022586,n/a,1,200,0.108,0,1,1,1,0,Self-canonical,1,86,40,5,0,-,-,42,179,1,"stand out from the rest with high-quality, professional photography services. offering event and website photography, company headshots and much more.",n/a
https://pmwcom.co.uk/services/pr/,Commercial PR Agency - PMW Communications,64,0.013392958714022586,n/a,1,200,0.109,0,1,1,1,0,Self-canonical,1,86,40,5,0,-,-,47,221,1,elevate your brand with a commercial pr communications agency. we help you build relationships with the media & engage with your audience.,n/a
https://pmwcom.co.uk/services/project-management/,Project Management Services - PMW Communications,64,0.013392958714022586,n/a,1,200,0.123,0,1,1,1,0,Self-canonical,1,86,40,5,0,-,-,41,175,1,discover pmw communications' specialised project management services for impactful digital marketing. tailored solutions for every business need.,n/a
https://pmwcom.co.uk/services/radio-advertising/,Radio Advertising Agency - PMW Communications,64,0.013392958714022586,n/a,1,200,0.11,0,1,1,1,0,Self-canonical,1,86,40,5,0,-,-,47,221,1,reach your audience with pmw communications' effective radio advertising services. our expert team can help you create compelling campaigns that drive results.,n/a
https://pmwcom.co.uk/services/seo/,SEO Agency in Sussex - PMW Communications,64,0.013392958714022586,n/a,1,200,0.118,0,1,1,1,0,Self-canonical,1,86,40,5,0,-,-,47,221,1,are you tired of your website being buried in the search results? let our seo agency services take the wheel & drive more traffic & conversions to your site!,n/a
https://pmwcom.co.uk/services/social-media/,Social Media Management Agency - PMW Communications,64,0.013392958714022586,n/a,1,200,0.123,0,1,1,1,0,Self-canonical,1,86,40,5,0,-,-,47,221,1,build your online presence with pmw’s social media advertising services. our expert team can help you create a powerful social media strategy.,n/a
https://pmwcom.co.uk/services/video-animation-production/,Video Production & Animation Agency – PMW Communications,64,0.013392958714022586,n/a,1,200,0.107,0,1,1,1,0,Self-canonical,1,86,40,5,0,-,-,47,221,1,"create exceptional animated videos with pmw's video marketing services. from corporate video production to animated explainer videos, we can do it all!",n/a
https://pmwcom.co.uk/services/web-design-development/,Web Design Company - PMW Communications,64,0.013392958714022586,n/a,1,200,0.11,0,1,1,1,0,Self-canonical,1,86,40,5,0,-,-,47,221,1,"a refreshing web development agency that works as an efficient extension of your team, offering bespoke and ready-to-go websites that will make your business thrive.",n/a
https://pmwcom.co.uk/sectors/construction/,Expert Construction Marketing Agency - Build Your Success,59,0.013392958714022582,n/a,1,200,0.111,0,0,1,1,0,Self-canonical,1,87,40,5,0,-,-,40,174,1,build your brand with a top construction marketing agency. we specialise in marketing strategies that help construction companies expand and succeed.,n/a
https://pmwcom.co.uk/sectors/professional-services/,Expert Marketing for Professional Services - Tailored Solutions,55,0.01339295871402258,n/a,1,200,0.123,0,0,1,1,0,Self-canonical,1,88,40,5,0,-,-,40,174,1,work with a trusted professional services marketing agency. we provide tailored marketing solutions to help you attract more clients and grow your business.,n/a
https://pmwcom.co.uk/about/blog/what-are-core-web-vitals-our-top-tips-to-get-your-site-up-to-scratch/,What are Core Web Vitals? – PMW Marketing,50,0.006302384719759899,n/a,1,200,0.11,0,1,1,1,0,Self-canonical,1,16,44,7,0,-,-,49,217,3,what are core web vitals? they’re key google metrics that affect seo and user experience. learn what they are and how to get your site up to speed.,n/a
https://pmwcom.co.uk/about/blog/pmw-named-one-of-the-sunday-times-best-places-to-work-again/,Sunday Times Best Places to Work 2025 – PMW Marketing,45,0.006301140117894106,n/a,1,200,0.136,0,1,1,1,0,Self-canonical,1,16,44,6,0,-,-,49,217,2,pmw marketing is named one of the sunday times best places to work 2025 for the second year running. discover what makes our agency stand out.,n/a
https://pmwcom.co.uk/about/blog/is-google-ads-still-worth-it-our-honest-take/,Is Google Ads still worth it? – PMW Marketing,41,0.006299845248949137,n/a,1,200,0.118,0,1,1,1,0,Self-canonical,1,16,44,5,0,-,-,49,217,2,"is google ads still worth it in 2025? our honest take from pmw: yes! discover expert tips on cost, competitiveness and boosting your roi.",n/a
https://pmwcom.co.uk/cdn-cgi/l/email-protection,,-,0.005538444761071801,n/a,2,404,0.007,0,0,0,0,0,-,0,8,0,0,0,-,-,0,0,1,-,n/a
https://pmwcom.co.uk/blog/,,-,0.005198599521800635,n/a,2,301,0.346,0,0,0,0,0,-,0,6,1,0,0,-,-,0,0,0,-,n/a
https://pmwcom.co.uk/wp-content/uploads/2025/01/PMW_GDPR_policy1.pdf,,36,0.0051516853026091405,n/a,2,200,0.111,0,0,0,0,0,-,0,2,0,0,0,-,-,0,0,0,-,n/a
https://pmwcom.co.uk/services/visual-design/design-portfolio/,Design,32,0.005062282312153166,n/a,2,200,0.138,0,0,1,1,0,Self-canonical,1,1,44,5,0,-,-,50,241,3,"legendary  projects &  cutting-edge  drops we create graphic designs that combine artistic vision with strategic thinking. our portfolio showcases a range of projects across different industries, each demonstrating our commitment to quality and innovati...",n/a
https://pmwcom.co.uk/about/careers//,Join Our Team - Explore Careers with PMW Communications,27,0.005052876712716906,n/a,3,200,0.13,0,0,1,1,0,Canonical to other page,0,4,46,5,0,-,-,45,179,1,discover exciting career opportunities with pmw communications. join a passionate and driven team and explore what benefits and perks we have to offer!,n/a
https://pmwcom.co.uk/vacancies/creative-designer/,Creative Designer - PMW Communications,23,0.0050452139160753065,n/a,2,200,0.132,0,0,1,1,0,Self-canonical,0,2,46,5,0,-,-,50,217,1,"we're looking for a stand-out creative designer with sharp instincts, fearless ideas, and an eye for detail to join our award-winning team.",n/a
https://pmwcom.co.uk/vacancies/google-ads-manager/,Google Ads Manager (PPC) PMW Communications,23,0.0050452139160753065,n/a,2,200,0.137,0,0,1,1,0,Self-canonical,0,2,46,5,0,-,-,50,217,1,"we are looking for a google ads (ppc) manager to join our dynamic agency. in this role, you will take ownership of a select group of client accounts.",n/a
https://pmwcom.co.uk/vacancies/google-ads-ppc-executive/,Google Ads Executive - PMW Communications,23,0.0050452139160753065,n/a,2,200,0.118,0,0,1,1,0,Self-canonical,0,2,46,5,0,-,-,50,217,1,our digital team is seeking a dedicated google ads (ppc) executive to join our dynamic agency.,n/a
https://pmwcom.co.uk/vacancies/seo-manager/,SEO Manager - PMW Communications,23,0.0050452139160753065,n/a,2,200,0.117,0,0,1,1,0,Self-canonical,0,2,46,5,0,-,-,50,217,1,are you an seo specialist with at-least five years’ experience? in this role you will take ownership of a select group of client accounts.,n/a
https://pmwcom.co.uk/about/blog/brand-consultants/,How brand consultants are creative in a rule-bound business,18,0.0050436742669130894,n/a,2,200,0.117,0,1,1,1,0,Self-canonical,1,1,45,5,0,-,-,49,217,3,"creativity in traditional, rules-driven industries can sometimes feel like pushing a boulder uphill. does this sound familiar? read our expert advice. . .",n/a
https://pmwcom.co.uk/about/blog/how-to-write-persuasive-copy/,How to write persuasive copy that works - PMW Marketing,18,0.0050436742669130894,n/a,2,200,0.151,0,1,1,1,0,Self-canonical,1,1,45,5,0,-,-,49,217,4,"find out the secret formula to writing persuasive copy that works, that truly connects with your audience and moves them to click, sign up, or buy.",n/a
https://pmwcom.co.uk/about/blog/smart-social-media-marketing/,A smart social media marketing strategy that maximises spend,18,0.0050436742669130894,n/a,2,200,0.134,0,1,1,1,0,Self-canonical,1,1,45,5,0,-,-,49,217,4,how to create a social media marketing strategy which makes your budget work hard and delivers results - the key elements which make all the difference.,n/a
https://pmwcom.co.uk/services/visual-design,,-,0.005007799926891835,n/a,2,301,0.332,0,0,0,0,0,-,0,1,1,0,0,-,-,0,0,0,-,n/a
https://pmwcom.co.uk/wp-content/uploads/2025/01/PMW_GDPR_data_retention1.pdf,,14,0.005004573760511186,n/a,2,200,0.134,0,0,0,0,0,-,0,1,0,0,0,-,-,0,0,1,-,n/a
https://pmwcom.co.uk/wp-content/uploads/2025/01/ANTI-BRIBERY-AND-CORRUPTION-POLICY-FINAL.pdf,,9,0.005001480474136789,n/a,2,200,0.296,0,0,0,0,0,-,0,1,0,0,0,-,-,0,0,1,-,n/a
https://pmwcom.co.uk/wp-content/uploads/2025/01/Child-Labour-Anti-Slave-Human-Trafficking-FINAL.pdf,,9,0.005001480474136789,n/a,2,200,0.135,0,0,0,0,0,-,0,1,0,0,0,-,-,0,0,1,-,n/a
https://pmwcom.co.uk/team/alan-stainer/,Alan Stainer  - PMW Communications,5,0.004943043914034307,n/a,2,200,0.107,0,0,1,1,0,Self-canonical,0,1,41,5,0,-,-,43,206,2,"what i do senior web developer what i like about my role working across multiple clients with the rest of the pmw family means nothing ever feels stale, plus the coffee machine is simply the best! outside work when i’m not fixing a pc at home or buildin...",n/a
https://pmwcom.co.uk/team/alex-deduca/,Alex Deduca - PMW Communications,5,0.004943043914034307,n/a,2,200,0.109,0,0,1,1,0,Self-canonical,0,1,41,5,0,-,-,43,206,2,what i do google ads executive what i like about my role i love the fact that my role lets me dive into the data and uncover new insights that can elevate a campaign's performance - it's like piecing together a puzzle which shows exactly what drives rea...,n/a
https://pmwcom.co.uk/team/anna-howard/,Anna Morgan - PMW Communications,5,0.004943043914034307,n/a,2,200,0.108,0,0,1,1,0,Self-canonical,0,1,41,5,0,-,-,43,206,2,what i do senior account executive what i like about my role i love the team spirit among the account management team - it's a fabulous environment to work in. i am surrounded by creative and strategic thinkers so that means i am inspired every day. i e...,n/a
https://pmwcom.co.uk/team/ben-luff/,Ben Luff   - PMW Communications,5,0.004943043914034307,n/a,2,200,0.107,0,0,1,1,0,Self-canonical,0,1,41,5,0,-,-,43,206,2,"what i do senior social media manager what i like about my role the best thing is i get to do a bit of everything. i write posts and design some of them, come up with creative ideas, film videos and take photos, build audiences and run ads, and use…",n/a
https://pmwcom.co.uk/team/cairine-currie/,Cairine Currie  - PMW Communications,5,0.004943043914034307,n/a,2,200,0.122,0,0,1,1,0,Self-canonical,0,1,41,5,0,-,-,43,206,2,"what i do accounts department what i like about my role i’ve been in the accounts department at pmw for 26 years, so i must be enjoying myself! i’ve got to know all our clients past and present, and it’s been great building up lasting relationships with...",n/a
https://pmwcom.co.uk/team/caroline-colmer/,Caroline Colmer   - PMW Communications,5,0.004943043914034307,n/a,2,200,0.11,0,0,1,1,0,Self-canonical,0,1,41,5,0,-,-,43,206,2,what i do senior copywriter what i like about my role it’s simple really – i just love writing! i enjoy exploring the identity of businesses and weaving the words which make them stand out from the competition and draw people in. being able to do that i...,n/a
https://pmwcom.co.uk/team/charles-blackith/,Charles Blackith - PMW Communications,5,0.004943043914034307,n/a,2,200,0.117,0,0,1,1,0,Self-canonical,0,1,41,5,0,-,-,43,206,2,"what i do google ads executive what i like about my role i like that i’m able to broaden my skills and master new disciplines within the digital field, whether it’s google ads, landing page design or email marketing. they all interlink to create a seaml...",n/a
https://pmwcom.co.uk/team/charlie-belton/,Charlie Belton - PMW Communications,5,0.004943043914034307,n/a,2,200,0.106,0,0,1,1,0,Self-canonical,0,1,41,5,0,-,-,43,206,2,what i do seo executive what i like about my role being part of a great team and knowing there are plenty of opportunities to challenge myself. despite learning so much already it's exciting to know that the seo world is constantly changing. there’s alw...,n/a
https://pmwcom.co.uk/team/charlotte-luff/,Charlotte Luff  - PMW Communications,5,0.004943043914034307,n/a,2,200,0.107,0,0,1,1,0,Self-canonical,0,1,41,5,0,-,-,43,206,2,"what i do designer what i like about my role i’m continually learning while working on many different projects. i like the fact that i’ve been able to pursue my love of photography as part of my job – if you have an interest, it’s always encouraged at p...",n/a
https://pmwcom.co.uk/team/charlotte-odell/,Charlotte Odell - PMW Communications,5,0.004943043914034307,n/a,2,200,0.123,0,0,1,1,0,Self-canonical,0,1,41,5,0,-,-,43,206,2,"what i do account manager what i like about my role at pmw, our approach is unique: account management and project management are handled by the same team. this isn’t always the case elsewhere, and i believe it’s a practice that truly works. when we tak...",n/a
https://pmwcom.co.uk/team/emily-davison/,Emily Davison - PMW Communications,5,0.004943043914034307,n/a,2,200,0.119,0,0,1,1,0,Self-canonical,0,1,41,5,0,-,-,43,206,2,"what i do senior digital content executive what i like about my role pmw allows me to develop while supporting my wider career goals. through this, i was offered an apprenticeship opportunity to gain relevant qualifications, boosting my confidence and m...",n/a
https://pmwcom.co.uk/team/gemma-lewis/,Gemma Lewis - PMW Communications,5,0.004943043914034307,n/a,2,200,0.134,0,0,1,1,0,Self-canonical,0,1,41,5,0,-,-,43,206,2,what i do pr and content director what i like about my role the variety - working with multiple clients across different industries. i’m constantly learning something new and broadening my horizons. every day is a new challenge! but what’s kept me aroun...,n/a
https://pmwcom.co.uk/team/graham-walker/,Graham Walker - PMW Communications,5,0.004943043914034307,n/a,2,200,0.137,0,0,1,1,0,Self-canonical,0,1,41,5,0,-,-,43,206,2,what i do director what i like about my role my role is about experience. the art of knowing what will work in any given situation. is it classed as ‘work’ though? i say that because working with like-minded creative folk doesn’t feel like work at all. ...,n/a
https://pmwcom.co.uk/team/harriet-swetman/,Harriet Swetman   - PMW Communications,5,0.004943043914034307,n/a,2,200,0.104,0,0,1,1,0,Self-canonical,0,1,41,5,0,-,-,43,206,2,"what i do hr manager what i like about my role it might be a cliché, but it really is the team here that makes my job a breeze. more than that, i love the people focus within the team. it’s not just top-down - although pete really does care…",n/a
https://pmwcom.co.uk/team/harriette-bond/,Harriette Bond  - PMW Communications,5,0.004943043914034307,n/a,2,200,0.107,0,0,1,1,0,Self-canonical,0,1,41,5,0,-,-,43,206,2,"what i do pr and content director what i like about my role researching and writing articles for a diverse range of clients means i get to learn all sorts of fascinating stuff, which makes me an absolute demon at trivial pursuit! i love seeing the resul...",n/a
https://pmwcom.co.uk/team/jackie-stainer/,Jackie Stainer - PMW Communications,5,0.004943043914034307,n/a,2,200,0.106,0,0,1,1,0,Self-canonical,0,1,41,5,0,-,-,43,206,2,"what i do account director what i like about my role my job involves building lasting relationships with clients while ensuring we deliver all our projects on time and on budget. i’m a real people person, so getting to know them and understanding exactl...",n/a
https://pmwcom.co.uk/team/james-hovey/,James Hovey - PMW Communications,5,0.004943043914034307,n/a,2,200,0.11,0,0,1,1,0,Self-canonical,0,1,41,5,0,-,-,43,206,2,"what i do web developer what i like about my role i get huge satisfaction from transforming well-crafted designs and copy from the rest of the talented team here and turning it all into stunning, responsive websites which really hit the sweet spot with ...",n/a
https://pmwcom.co.uk/team/jo-durrent/,Jo Durrant   - PMW Communications,5,0.004943043914034307,n/a,2,200,0.118,0,0,1,1,0,Self-canonical,0,1,41,5,0,-,-,43,206,2,"what i do account manager what i like about my role my whole career has been spent working within marketing agencies, and after following pmw’s impressive upwards trajectory from afar i decided to apply for a job. i love the variety of my work here, the...",n/a
https://pmwcom.co.uk/team/jonathan-wright/,Jonathan Wright - PMW Communications,5,0.004943043914034307,n/a,2,200,0.119,0,0,1,1,0,Self-canonical,0,1,41,5,0,-,-,43,206,2,"what i do senior creative manager what i like about my role it's the challenge of finding that perfect flow - the sweet spot where creativity and precision meet. with 27 years of design experience under my belt, i still get the same buzz from nailing a ...",n/a
https://pmwcom.co.uk/team/kat-rand/,Kat Rand - PMW Communications,5,0.004943043914034307,n/a,2,200,0.105,0,0,1,1,0,Self-canonical,0,1,41,5,0,-,-,43,206,2,"what i do senior pr and content executive what i like about my role i love the real mix of tasks which come with my job. i’m writing press releases and pitching them to the media, keeping clients up to date and taking briefs, whipping up web copy and blog…",n/a
https://pmwcom.co.uk/team/kate-clifford/,Kate Clifford  - PMW Communications,5,0.004943043914034307,n/a,2,200,0.134,0,0,1,1,0,Self-canonical,0,1,41,5,0,-,-,43,206,2,"what i do web development director what i like about my role i love the fact that i get to work alongside some really talented people who care about what they do. thanks to the team, i’m a better marketeer and manager. outside work i’m very interested i...",n/a
https://pmwcom.co.uk/team/lauren-hogg/,Lauren Hogg  - PMW Communications,5,0.004943043914034307,n/a,2,200,0.105,0,0,1,1,0,Self-canonical,0,1,41,5,0,-,-,43,206,2,"what i do account director what i like about my role i love how collaborative we are as a team and how much there is to learn from all the departments. since i’ve been at pmw, i’ve learnt so much about all areas of marketing – all from listening to…",n/a
https://pmwcom.co.uk/team/lizzie-moyse/,Lizzie Moyse - PMW Communications,5,0.004943043914034307,n/a,2,200,0.102,0,0,1,1,0,Self-canonical,0,1,41,5,0,-,-,43,206,2,"what i do account management director what i like about my role i'm driven by a passion for people, and i love that my job lets me connect with both my colleagues and clients in a meaningful way. these relationships help us tackle challenges together an...",n/a
https://pmwcom.co.uk/team/marta-kirsone/,Marta Kirsone  - PMW Communications,5,0.004943043914034307,n/a,2,200,0.104,0,0,1,1,0,Self-canonical,0,1,41,5,0,-,-,43,206,2,"what i do seo manager what i like about my role i really appreciate the collaborative nature of seo at pmw. it’s an interactive process where i get to work closely with content writers, developers, and designers. this teamwork creates a synergy that hel...",n/a
https://pmwcom.co.uk/team/mellissa-piggott/,Mellissa Piggott  - PMW Communications,5,0.004943043914034307,n/a,2,200,0.131,0,0,1,1,0,Self-canonical,0,1,41,5,0,-,-,43,206,2,"what i do senior seo executive what i like about my role the variety. one day i might be working with a client in the aviation sector and the next i am dealing with a removals firm. pmw is very much a ‘work hard, play hard’ culture. i feel incredibly…",n/a
https://pmwcom.co.uk/team/peter-burton/,Peter Burton - PMW Communications,5,0.004943043914034307,n/a,2,200,0.14,0,0,1,1,0,Self-canonical,0,1,41,5,0,-,-,43,206,2,"what i do financial director what i like about my role it’s very satisfying knowing the team can excel in their creative roles, while i ensure everything else behind the scenes runs smoothly. pmw prides itself on its creativity – except, of course, in t...",n/a
https://pmwcom.co.uk/team/peter-sutton/,Peter Sutton - PMW Communications,5,0.004943043914034307,n/a,2,200,0.123,0,0,1,1,0,Self-canonical,0,1,41,5,0,-,-,43,206,2,what i do managing director what i like about my role i founded pmw over thirty years ago and i can honestly say that my passion for marketing and dedication to our clients hasn’t diminished even a fraction. coming into the office every day is a pleasur...,n/a
https://pmwcom.co.uk/team/rich-newman/,Rich Newman  - PMW Communications,5,0.004943043914034307,n/a,2,200,0.118,0,0,1,1,0,Self-canonical,0,1,41,5,0,-,-,43,206,2,"what i do brand and social media strategist what i like about my role my time at work is split between thinking fast and slow. fast thinking is for creative ideas such as social media posts, slow thinking is needed for more complex challenges when worki...",n/a
https://pmwcom.co.uk/team/rob-clift/,Rob Clift - PMW Communications,5,0.004943043914034307,n/a,2,200,0.108,0,0,1,1,0,Self-canonical,0,1,41,5,0,-,-,43,206,2,what i do designer what i like about my role i can’t help being inspired to come up with creative solutions working within the genuinely talented team at pmw. i get the opportunity to refine my design skills and make a real impact – i feel like i’m lear...,n/a
https://pmwcom.co.uk/team/sally-burfoot/,Sally Burfoot   - PMW Communications,5,0.004943043914034307,n/a,2,200,0.127,0,0,1,1,0,Self-canonical,0,1,41,5,0,-,-,43,206,2,"what i do senior pr & content manager what i like about my role i like being able to use words to make brands from diverse sectors truly unforgettable. whether crafting press releases, thought leadership pieces, web copy, or blogs, i ensure my clients’ ...",n/a
https://pmwcom.co.uk/team/shashwat-mishra/,Shashwat Mishra - PMW Communications,5,0.004943043914034307,n/a,2,200,0.124,0,0,1,1,0,Self-canonical,0,1,41,5,0,-,-,43,206,2,"what i do brand and marketing manager what i like about my role i get to work on the big ideas that really shape a brand's future, as well as the finer details that take every piece of communication to the next level. being involved across multiple stag...",n/a
https://pmwcom.co.uk/team/suzanne-matthews/,Suzanne Matthews  - PMW Communications,5,0.004943043914034307,n/a,2,200,0.106,0,0,1,1,0,Self-canonical,0,1,41,5,0,-,-,43,206,2,what i do accounts department what i like about my role the team i work with! everyone at pmw is super friendly and welcoming. i think that’s very valuable in an office environment. i’ve made some lifelong friends since joining the company. outside work...,n/a
https://pmwcom.co.uk/team/suzie-farrell/,Suzie Farrell  - PMW Communications,5,0.004943043914034307,n/a,2,200,0.125,0,0,1,1,0,Self-canonical,0,1,41,5,0,-,-,43,206,2,"what i do account director what i like about my role i like the variety of clients i get to work with, and the fact that we’re never complacent about what we do. we support each other and work hard as a team to brainstorm what we can do to…",n/a
https://pmwcom.co.uk/team/tim-crutkaew/,Tim Crutkaew  - PMW Communications,5,0.004943043914034307,n/a,2,200,0.107,0,0,1,1,0,Self-canonical,0,1,41,5,0,-,-,43,206,2,"what i do creative manager what i like about my role i’ve always been the kind of person who loves to draw, play video games and read graphic novels so it’s natural for me to be attracted to bright colours, shapes, motion, characters and all aspects of ...",n/a
https://pmwcom.co.uk/team/tom-marchant/,Tom Marchant - PMW Communications,5,0.004943043914034307,n/a,2,200,0.104,0,0,1,1,0,Self-canonical,0,1,41,5,0,-,-,43,206,2,"what i do digital director what i like about my role the fast pace of being a digital director and staying ahead of trends keeps me on my toes, and i love how it pushes me to adapt, find new ideas, and grow my expertise. not all our challenges can…",n/a
https://pmwcom.co.uk/case-studies/no-one/,,-,0.0,n/a,0,301,0.279,0,0,0,0,0,-,0,0,1,0,0,-,-,0,0,0,-,n/a
https://pmwcom.co.uk/case-studies/perrys/,,-,0.0,n/a,0,301,0.322,0,0,0,0,0,-,0,0,1,0,0,-,-,0,0,0,-,n/a
https://pmwcom.co.uk/case-studies/willmott-dixon/,,-,0.0,n/a,0,301,0.268,0,0,0,0,0,-,0,0,1,0,0,-,-,0,0,0,-,n/a
https://pmwcom.co.uk/email-marketing-services/,,-,0.0,n/a,0,404,0.66,0,0,0,0,0,-,0,0,0,0,0,-,-,0,0,1,-,n/a
https://pmwcom.co.uk/radio/,,-,0.0,n/a,0,404,0.569,0,0,0,0,0,-,0,0,0,0,0,-,-,0,0,1,-,n/a
https://pmwcom.co.uk/social-media-management/,,-,0.0,n/a,0,404,0.573,0,0,0,0,0,-,0,0,0,0,0,-,-,0,0,1,-,n/a
https://pmwcom.co.uk/visual-design/cbre-design/,,-,0.0,n/a,0,404,0.642,0,0,0,0,0,-,0,0,0,0,0,-,-,0,0,1,-,n/a
https://pmwcom.co.uk/web-design-services/,,-,0.0,n/a,0,404,0.631,0,0,0,0,0,-,0,0,0,0,0,-,-,0,0,1,-,n/a
https://www.pmwcom.co.uk/,,-,0.0,n/a,0,301,0.104,0,0,0,0,0,-,0,0,1,0,0,-,-,0,0,1,-,n/a
https://pmwcom.co.uk/category-sitemap1.xml,,-,-,n/a,0,200,0.313,0,0,0,0,0,-,0,0,-,-,0,-,-,-,-,1,-,n/a
https://pmwcom.co.uk/llms.txt,,-,-,n/a,0,404,0.705,0,0,0,0,0,-,0,0,-,-,0,-,-,-,-,1,-,n/a
https://pmwcom.co.uk/page-sitemap1.xml,,-,-,n/a,0,200,0.349,0,0,0,0,0,-,0,0,-,-,0,-,-,-,-,1,-,n/a
https://pmwcom.co.uk/post-sitemap1.xml,,-,-,n/a,0,200,0.298,0,0,0,0,0,-,0,0,-,-,0,-,-,-,-,16,-,n/a
https://pmwcom.co.uk/post_tag-sitemap1.xml,,-,-,n/a,0,200,0.283,0,0,0,0,0,-,0,0,-,-,0,-,-,-,-,0,-,n/a
https://pmwcom.co.uk/robots.txt,,-,-,n/a,0,404,0.032,0,0,0,0,0,-,0,0,-,-,0,-,-,-,-,2,-,n/a
https://pmwcom.co.uk/sitemap.xml,,-,-,n/a,0,301,0.352,0,0,0,0,0,-,0,0,-,-,0,-,-,-,-,0,-,n/a
https://pmwcom.co.uk/sitemaps.xml,,-,-,n/a,0,200,0.324,0,0,0,0,0,-,0,0,-,-,0,-,-,-,-,0,-,n/a
https://www.pmwcom.co.uk/llms.txt,,-,-,n/a,0,301,0.099,0,0,0,0,0,-,0,0,-,-,0,-,-,-,-,0,-,n/a
https://www.pmwcom.co.uk/robots.txt,,-,-,n/a,0,301,0.026,0,0,0,0,0,-,0,0,-,-,0,-,-,-,-,0,-,n/a
https://www.pmwcom.co.uk/sitemap.xml,,-,-,n/a,0,301,0.104,0,0,0,0,0,-,0,0,-,-,0,-,-,-,-,0,-,n/a
